{"grid":{"cell_node_ids":{"ptrs":[1,9,17,25,33,41,49,57,65,73,81,89,97,105,113,121,129,137,145,153,161,169,177,185,193,201,209,217],"data":[1,2,5,6,17,18,21,22,2,3,6,7,18,19,22,23,3,4,7,8,19,20,23,24,5,6,9,10,21,22,25,26,6,7,10,11,22,23,26,27,7,8,11,12,23,24,27,28,9,10,13,14,25,26,29,30,10,11,14,15,26,27,30,31,11,12,15,16,27,28,31,32,17,18,21,22,33,34,37,38,18,19,22,23,34,35,38,39,19,20,23,24,35,36,39,40,21,22,25,26,37,38,41,42,22,23,26,27,38,39,42,43,23,24,27,28,39,40,43,44,25,26,29,30,41,42,45,46,26,27,30,31,42,43,46,47,27,28,31,32,43,44,47,48,33,34,37,38,49,50,53,54,34,35,38,39,50,51,54,55,35,36,39,40,51,52,55,56,37,38,41,42,53,54,57,58,38,39,42,43,54,55,58,59,39,40,43,44,55,56,59,60,41,42,45,46,57,58,61,62,42,43,46,47,58,59,62,63,43,44,47,48,59,60,63,64]},"node_coordinates":[0.0,0.0,0.0,0.3333333333333333,0.0,0.0,0.6666666666666666,0.0,0.0,1.0,0.0,0.0,0.0,0.3333333333333333,0.0,0.3333333333333333,0.3333333333333333,0.0,0.6666666666666666,0.3333333333333333,0.0,1.0,0.3333333333333333,0.0,0.0,0.6666666666666666,0.0,0.3333333333333333,0.6666666666666666,0.0,0.6666666666666666,0.6666666666666666,0.0,1.0,0.6666666666666666,0.0,0.0,1.0,0.0,0.3333333333333333,1.0,0.0,0.6666666666666666,1.0,0.0,1.0,1.0,0.0,0.0,0.0,0.3333333333333333,0.3333333333333333,0.0,0.3333333333333333,0.6666666666666666,0.0,0.3333333333333333,1.0,0.0,0.3333333333333333,0.0,0.3333333333333333,0.3333333333333333,0.3333333333333333,0.3333333333333333,0.3333333333333333,0.6666666666666666,0.3333333333333333,0.3333333333333333,1.0,0.3333333333333333,0.3333333333333333,0.0,0.6666666666666666,0.3333333333333333,0.3333333333333333,0.6666666666666666,0.3333333333333333,0.6666666666666666,0.6666666666666666,0.3333333333333333,1.0,0.6666666666666666,0.3333333333333333,0.0,1.0,0.3333333333333333,0.3333333333333333,1.0,0.3333333333333333,0.6666666666666666,1.0,0.3333333333333333,1.0,1.0,0.3333333333333333,0.0,0.0,0.6666666666666666,0.3333333333333333,0.0,0.6666666666666666,0.6666666666666666,0.0,0.6666666666666666,1.0,0.0,0.6666666666666666,0.0,0.3333333333333333,0.6666666666666666,0.3333333333333333,0.3333333333333333,0.6666666666666666,0.6666666666666666,0.3333333333333333,0.6666666666666666,1.0,0.3333333333333333,0.6666666666666666,0.0,0.6666666666666666,0.6666666666666666,0.3333333333333333,0.6666666666666666,0.6666666666666666,0.6666666666666666,0.6666666666666666,0.6666666666666666,1.0,0.6666666666666666,0.6666666666666666,0.0,1.0,0.6666666666666666,0.3333333333333333,1.0,0.6666666666666666,0.6666666666666666,1.0,0.6666666666666666,1.0,1.0,0.6666666666666666,0.0,0.0,1.0,0.3333333333333333,0.0,1.0,0.6666666666666666,0.0,1.0,1.0,0.0,1.0,0.0,0.3333333333333333,1.0,0.3333333333333333,0.3333333333333333,1.0,0.6666666666666666,0.3333333333333333,1.0,1.0,0.3333333333333333,1.0,0.0,0.6666666666666666,1.0,0.3333333333333333,0.6666666666666666,1.0,0.6666666666666666,0.6666666666666666,1.0,1.0,0.6666666666666666,1.0,0.0,1.0,1.0,0.3333333333333333,1.0,1.0,0.6666666666666666,1.0,1.0,1.0,1.0,1.0],"cell_type":[1,1,1,1,1,1,1,1,1,1,1,1,1,1,1,1,1,1,1,1,1,1,1,1,1,1,1],"reffes":[{"orders":[1,1,1],"value":"Float64","space":"default","extrusion":[1,1,1]}],"Dp":3,"orientation":true},"vertex_node":[1,2,3,4,5,6,7,8,9,10,11,12,13,14,15,16,17,18,19,20,21,22,23,24,25,26,27,28,29,30,31,32,33,34,35,36,37,38,39,40,41,42,43,44,45,46,47,48,49,50,51,52,53,54,55,56,57,58,59,60,61,62,63,64],"version":"v0.15","face_vertices_2":{"ptrs":[1,5,9,13,17,21,25,29,33,37,41,45,49,53,57,61,65,69,73,77,81,85,89,93,97,101,105,109,113,117,121,125,129,133,137,141,145,149,153,157,161,165,169,173,177,181,185,189,193,197,201,205,209,213,217,221,225,229,233,237,241,245,249,253,257,261,265,269,273,277,281,285,289,293,297,301,305,309,313,317,321,325,329,333,337,341,345,349,353,357,361,365,369,373,377,381,385,389,393,397,401,405,409,413,417,421,425,429,433],"data":[1,2,5,6,17,18,21,22,1,2,17,18,5,6,21,22,1,5,17,21,2,6,18,22,2,3,6,7,18,19,22,23,2,3,18,19,6,7,22,23,3,7,19,23,3,4,7,8,19,20,23,24,3,4,19,20,7,8,23,24,4,8,20,24,5,6,9,10,21,22,25,26,9,10,25,26,5,9,21,25,6,10,22,26,6,7,10,11,22,23,26,27,10,11,26,27,7,11,23,27,7,8,11,12,23,24,27,28,11,12,27,28,8,12,24,28,9,10,13,14,25,26,29,30,13,14,29,30,9,13,25,29,10,14,26,30,10,11,14,15,26,27,30,31,14,15,30,31,11,15,27,31,11,12,15,16,27,28,31,32,15,16,31,32,12,16,28,32,33,34,37,38,17,18,33,34,21,22,37,38,17,21,33,37,18,22,34,38,34,35,38,39,18,19,34,35,22,23,38,39,19,23,35,39,35,36,39,40,19,20,35,36,23,24,39,40,20,24,36,40,37,38,41,42,25,26,41,42,21,25,37,41,22,26,38,42,38,39,42,43,26,27,42,43,23,27,39,43,39,40,43,44,27,28,43,44,24,28,40,44,41,42,45,46,29,30,45,46,25,29,41,45,26,30,42,46,42,43,46,47,30,31,46,47,27,31,43,47,43,44,47,48,31,32,47,48,28,32,44,48,49,50,53,54,33,34,49,50,37,38,53,54,33,37,49,53,34,38,50,54,50,51,54,55,34,35,50,51,38,39,54,55,35,39,51,55,51,52,55,56,35,36,51,52,39,40,55,56,36,40,52,56,53,54,57,58,41,42,57,58,37,41,53,57,38,42,54,58,54,55,58,59,42,43,58,59,39,43,55,59,55,56,59,60,43,44,59,60,40,44,56,60,57,58,61,62,45,46,61,62,41,45,57,61,42,46,58,62,58,59,62,63,46,47,62,63,43,47,59,63,59,60,63,64,47,48,63,64,44,48,60,64]},"D":3,"face_vertices_1":{"ptrs":[1,3,5,7,9,11,13,15,17,19,21,23,25,27,29,31,33,35,37,39,41,43,45,47,49,51,53,55,57,59,61,63,65,67,69,71,73,75,77,79,81,83,85,87,89,91,93,95,97,99,101,103,105,107,109,111,113,115,117,119,121,123,125,127,129,131,133,135,137,139,141,143,145,147,149,151,153,155,157,159,161,163,165,167,169,171,173,175,177,179,181,183,185,187,189,191,193,195,197,199,201,203,205,207,209,211,213,215,217,219,221,223,225,227,229,231,233,235,237,239,241,243,245,247,249,251,253,255,257,259,261,263,265,267,269,271,273,275,277,279,281,283,285,287,289],"data":[1,2,5,6,17,18,21,22,1,5,2,6,17,21,18,22,1,17,2,18,5,21,6,22,2,3,6,7,18,19,22,23,3,7,19,23,3,19,7,23,3,4,7,8,19,20,23,24,4,8,20,24,4,20,8,24,9,10,25,26,5,9,6,10,21,25,22,26,9,25,10,26,10,11,26,27,7,11,23,27,11,27,11,12,27,28,8,12,24,28,12,28,13,14,29,30,9,13,10,14,25,29,26,30,13,29,14,30,14,15,30,31,11,15,27,31,15,31,15,16,31,32,12,16,28,32,16,32,33,34,37,38,33,37,34,38,17,33,18,34,21,37,22,38,34,35,38,39,35,39,19,35,23,39,35,36,39,40,36,40,20,36,24,40,41,42,37,41,38,42,25,41,26,42,42,43,39,43,27,43,43,44,40,44,28,44,45,46,41,45,42,46,29,45,30,46,46,47,43,47,31,47,47,48,44,48,32,48,49,50,53,54,49,53,50,54,33,49,34,50,37,53,38,54,50,51,54,55,51,55,35,51,39,55,51,52,55,56,52,56,36,52,40,56,57,58,53,57,54,58,41,57,42,58,58,59,55,59,43,59,59,60,56,60,44,60,61,62,57,61,58,62,45,61,46,62,62,63,59,63,47,63,63,64,60,64,48,64]},"face_vertices_3":{"ptrs":[1,9,17,25,33,41,49,57,65,73,81,89,97,105,113,121,129,137,145,153,161,169,177,185,193,201,209,217],"data":[1,2,5,6,17,18,21,22,2,3,6,7,18,19,22,23,3,4,7,8,19,20,23,24,5,6,9,10,21,22,25,26,6,7,10,11,22,23,26,27,7,8,11,12,23,24,27,28,9,10,13,14,25,26,29,30,10,11,14,15,26,27,30,31,11,12,15,16,27,28,31,32,17,18,21,22,33,34,37,38,18,19,22,23,34,35,38,39,19,20,23,24,35,36,39,40,21,22,25,26,37,38,41,42,22,23,26,27,38,39,42,43,23,24,27,28,39,40,43,44,25,26,29,30,41,42,45,46,26,27,30,31,42,43,46,47,27,28,31,32,43,44,47,48,33,34,37,38,49,50,53,54,34,35,38,39,50,51,54,55,35,36,39,40,51,52,55,56,37,38,41,42,53,54,57,58,38,39,42,43,54,55,58,59,39,40,43,44,55,56,59,60,41,42,45,46,57,58,61,62,42,43,46,47,58,59,62,63,43,44,47,48,59,60,63,64]},"labeling":{"entities_1":[9,21,23,27,13,21,25,27,17,23,25,27,9,21,23,27,21,27,23,27,9,21,23,27,14,26,18,26,21,27,13,21,25,27,25,27,21,27,21,27,27,21,27,14,26,26,10,24,13,21,25,27,19,24,10,24,21,27,24,10,24,14,26,20,23,27,25,27,17,23,25,27,23,27,27,23,27,23,27,26,18,26,27,25,27,25,27,27,27,27,27,26,26,24,25,27,19,24,24,27,24,24,26,20,11,22,15,22,17,23,25,27,11,22,22,23,27,11,22,16,18,26,22,15,22,25,27,22,22,27,22,16,26,12,15,22,19,24,12,22,24,12,16,20],